{"cameraMode":{"drawMode":0,"name":"Shaded","section":"Shading Mode"},"sceneLighting":true,"audioPlay":false,"sceneViewState":{"showFog":false,"showMaterialUpdate":false,"showSkybox":false,"showFlares":false,"showImageEffects":false,"showParticleSystems":false},"in2DMode":false,"pivot":{"x":-2.6299996376037599,"y":0.11999999731779099,"z":0.0},"rotation":{"x":0.10739316046237946,"y":-0.11271142959594727,"z":0.03173936903476715,"w":0.9887080192565918},"size":14.454147338867188,"orthographic":false}