{"cameraMode":{"drawMode":0,"name":"Shaded","section":"Shading Mode"},"sceneLighting":true,"audioPlay":false,"sceneViewState":{"showFog":false,"showMaterialUpdate":false,"showSkybox":false,"showFlares":false,"showImageEffects":false,"showParticleSystems":false},"in2DMode":false,"pivot":{"x":58.84627914428711,"y":1.7392635345458985,"z":2.365161895751953},"rotation":{"x":0.3477350175380707,"y":-0.4168981909751892,"z":0.17964163422584535,"w":0.8207857608795166},"size":27.068628311157228,"orthographic":false}