{"cameraMode":{"drawMode":0,"name":"Shaded","section":"Shading Mode"},"sceneLighting":true,"audioPlay":false,"sceneViewState":{"showFog":false,"showMaterialUpdate":false,"showSkybox":false,"showFlares":false,"showImageEffects":false,"showParticleSystems":false},"in2DMode":false,"pivot":{"x":52.80634307861328,"y":9.467813491821289,"z":-24.61014747619629},"rotation":{"x":0.10553956031799317,"y":0.14592653512954713,"z":-0.013178092427551747,"w":0.9839092493057251},"size":10.900936126708985,"orthographic":false}