{"cameraMode":{"drawMode":0,"name":"Shaded","section":"Shading Mode"},"sceneLighting":true,"audioPlay":false,"sceneViewState":{"showFog":false,"showMaterialUpdate":false,"showSkybox":false,"showFlares":false,"showImageEffects":false,"showParticleSystems":false},"in2DMode":false,"pivot":{"x":57.38054656982422,"y":5.71683406829834,"z":3.7927722930908205},"rotation":{"x":0.16427983343601228,"y":-0.009975009597837925,"z":0.004189492668956518,"w":0.9867644309997559},"size":13.818608283996582,"orthographic":false}