{"cameraMode":{"drawMode":0,"name":"Shaded","section":"Shading Mode"},"sceneLighting":true,"audioPlay":false,"sceneViewState":{"showFog":false,"showMaterialUpdate":false,"showSkybox":false,"showFlares":false,"showImageEffects":false,"showParticleSystems":false},"in2DMode":false,"pivot":{"x":62.437278747558597,"y":2.3039748668670656,"z":7.059999942779541},"rotation":{"x":0.29712435603141787,"y":-0.17561312019824983,"z":0.05827578529715538,"w":0.9371049404144287},"size":2.200932025909424,"orthographic":false}