{"cameraMode":{"drawMode":0,"name":"Shaded","section":"Shading Mode"},"sceneLighting":true,"audioPlay":false,"sceneViewState":{"showFog":false,"showMaterialUpdate":false,"showSkybox":false,"showFlares":false,"showImageEffects":false,"showParticleSystems":false},"in2DMode":false,"pivot":{"x":58.84627914428711,"y":1.7392635345458985,"z":2.365161895751953},"rotation":{"x":0.29560387134552,"y":-0.005036408081650734,"z":0.004116471391171217,"w":0.9556694030761719},"size":17.282442092895509,"orthographic":false}